<?xml version="1.0" encoding="UTF-8" standalone="yes"?>
<ClassicPro version="2.01" engine="two">
	
	<!--
	TextSettings:
	For a list of parameters you can change for this <text/> object:
		http://goo.gl/CrnTO
		
		Remember if your using the default values you don't have to include all the styles!
	-->
	<TextSettings>
		<!--
		CORE settings
		-->

		<Style id="normal.statusbar.text"
			font="cpro2.font.infoseek.title" fontsize="12" alpha="253" bold="1"
		/>
		<Style id="normal.fileinfo.label.text"
			font="cpro2.font.infoseek.title" forcelocase="1" alpha="253"
		/>
		<Style id="normal.fileinfo.tag.text"
			font="cpro2.font.infoseek.title" offsetx="-2" alpha="253"
		/>
		<Style id="normal.webreader.text"
			y="5" font="cpro2.font.infoseek.title" bold="1" fontsize="12" alpha="253" shadowcolor="#0a0c0f" shadowx="1" shadowy="1"
		/>
		
			<!-- You can use y="" to align the text better if needed -->
		<Style id="normal.tab.text"
			font="cpro2.font.infoseek.title" fontsize="12" alpha="253" bold="1"
		/> 
		


		<!--
		SKIN settings
		-->
		<Style id="normal.info.title.text"
			x="4" y="-1" fontsize="16" alpha="251" shadowcolor="#1f2228" shadowx="1" shadowy="1"
		/>
		<Style id="normal.info.artist.text"
			x="5" y="17"
		/>
		<Style id="normal.info.timesmall.text"
			y="1" fontsize="20" h="16" alpha="253" shadowcolor="#1f2228" shadowx="1" shadowy="2"
		/>
		<Style id="shade.songname.text"
			y="1" alpha="253" shadowcolor="#0a0c0f" shadowx="1" shadowy="1"
		/>
		<Style id="shade.news.text"
			y="1" alpha="253" shadowcolor="#0a0c0f" shadowx="1" shadowy="1"
		/>
		<Style id="shade.timebig.text"
			y="0" fontsize="20" alpha="253" shadowcolor="#0a0c0f" shadowx="1" shadowy="1"
		/>
		<Style id="shade.timesmall.text"
			y="0" fontsize="16" alpha="253" shadowcolor="#0a0c0f" shadowx="1" shadowy="1"
		/>
		
		<!--
		Use the display param to move the text away from the right side.
		i.e. display="10" will move the text left by 10 pixels.
		The reason (if interested :P) for this work around is because the x/w position is automatically set by scripts here. (and must use an internal param so can't use a clever name like width_from_side="15" ;)
		Please note that this is only applicable on the 'timebig', 'bitrate' and 'news'!
		-->
		<Style id="normal.info.timebig.text"
			y="-7" display="4" h="34" forcefixed="1" timeroffstyle="1" fontsize="26" shadowcolor="#1f2228" shadowx="1" shadowy="2"
		/>
		<Style id="normal.info.news.text" 
			display="6" font="cpro2.font.infoseek.title" fontsize="12" alpha="253" bold="1" shadowcolor="#0a0c0f" shadowx="1" shadowy="1"
		/>
		<Style id="normal.info.bitrate.text" 
			display="6" font="cpro2.font.infoseek.title" fontsize="12" alpha="253" bold="1" shadowcolor="#0a0c0f" shadowx="1" shadowy="1"
		/>
	</TextSettings>

	<Visualization>
		<BeatVis>
			<customvis name="Waves"/>
			<customvis name="6 Cubes"/>
			<customvis name="2 Cubes"/>
			<customvis name="Wave of cubes"/>
			<customvis name="Inverted peaks"/>
		</BeatVis>
	</Visualization>
	
	<About:Skin>
		<!--
		dob = date of birth = day;month;year(optional)
		-->
		<Skinner
			name="Victor Brocaz"
			alias="Victhor"
			country="Argentina!"
			about="Skeuomorphic lover\n\nSee my other skins:\n- cPro Satin Port\n- cPro Ayon\n- cPro Venus"
		/>
	</About:Skin>

</ClassicPro>