<elements>
<!--
cPro2 :: SKIN Colors
-->
	<!-- :: Player Area :: -->	
	<color id="cpro2.color.infoseek.title" value="#c0c9de" gammagroup="n.infoseek.text"/>
	<!--<color id="cpro2.color.infoseek.artist" value="#c0c9de" gammagroup="n.infoseek.text"/>-->
	<color id="cpro2.color.infoseek.numbig" value="#c0c9de" gammagroup="n.infoseek.text"/>
	<color id="cpro2.color.infoseek.numsmall" value="#c0c9de" gammagroup="n.infoseek.text"/>
	<color id="cpro2.color.infoseek.news" value="#c0c9de" gammagroup="n.infoseek.text"/>

	<!-- :: Shade Area :: -->	
	<color id="cpro2.color.shade.title" value="#c0c9de" gammagroup="n.infoseek.text"/>



<!--
cPro2 :: CORE Colors
-->
	<!-- :: SUI Area :: -->	
	<color id="cpro2.color.fileinfo.name" value="#5c6780" gammagroup="n.sui.fileinfo.text"/>
	<color id="cpro2.color.fileinfo.tag" value="#9ba5bd" gammagroup="n.sui.fileinfo.text"/>
	<color id="cpro2.color.status" value="#5c6780" gammagroup="n.sui.status.text"/>
	<color id="cpro2.color.eqxfade" value="#9ba5bd" gammagroup="n.sui.eq.background"/>
	<color id="cpro2.color.tab.on" value="#c0c9de" gammagroup="n.sui.tabs.text"/>
	<color id="cpro2.color.tab.off" value="#5c6780" gammagroup="n.sui.tabs.text"/>
	<color id="cpro2.color.tab.hover" value="250,250,250" gammagroup="n.sui.tabs.text"/>

	<!-- :: Generic Window :: -->
	<color id="cpro2.color.genwin.name" value="#c0c9de" gammagroup="g.frame.text"/>

	<!-- :: Notifier :: -->
	<color id="notifier.dark" value="#c0c9de" gammagroup="g.notifier.big.text"/>
	<color id="notifier.bright" value="#c0c9de" gammagroup="g.notifier.big.text"/>
	<color id="notifier.dark.upper" value="#c0c9de" gammagroup="g.notifier.small.text"/>
	<color id="notifier.bright.upper" value="#c0c9de" gammagroup="g.notifier.small.text"/>

	<!-- :: Tooltip/Button :: -->	
	<color id="wasabi.tooltips.textcolor" value="#c0c9de" gammagroup="g.tooltip.text"/>
	<color id="wasabi.button.text" value="89,98,121" gammagroup="g.button.text"/>

	<!-- :: Component: Background :: -->
	<color id="wasabi.window.background" value="18,24,38" gammagroup="n.sui.background"/>
	<color id="wasabi.border.sunken" value="#444b5b" gammagroup="n.sui.background"/>

	<!-- :: Wasabi Text :: -->
	<color id="wasabi.text.color" value="122,130,151" gammagroup="g.background.text"/>
	<color id="wasabi.window.text" value="122,130,151" gammagroup="g.background.text"/>

	<!-- :: Component: Column :: -->
	<color id="wasabi.list.column.text" value="#505769" gammagroup="g.background.text"/>
	<color id="wasabi.list.column.background" value="18,24,38" gammagroup="n.sui.background"/>
	<color id="wasabi.list.column.frame.top" value="18,24,38" gammagroup="n.sui.background"/>
	<color id="wasabi.list.column.frame.middle" value="18,24,38" gammagroup="n.sui.background"/>
	<color id="wasabi.list.column.frame.bottom" value="#444b5b" gammagroup="n.sui.background"/>

	<!-- :: List: Text Color :: -->
	<color id="wasabi.list.text" value="#7a86a5" gammagroup="g.list.text"/>
	<color id="wasabi.list.text.alternate" value="#6a7794" gammagroup="g.list.text"/>

	<!-- :: List: Background :: -->
	<color id="wasabi.list.background" value="18,24,38" gammagroup="g.list.background"/>
	<color id="wasabi.list.background.alternate" value="6,12,26" gammagroup="g.list.background.alt"/>	
	<bitmap id="wasabi.list.background" file="$solid" h="64" w="64" color="18,24,38" gammagroup="g.list.background"/>

	<!-- :: List: Text Color (Selected) :: -->
	<color id="wasabi.list.text.selected" value="#9ba5bd" gammagroup="g.list.select.text"/>
	<color id="wasabi.list.text.selected.inactive" value="#64708d" gammagroup="g.list.select.text"/>
	
	<!-- :: List: Background (Selected) :: -->
	<color id="wasabi.list.text.selected.background" value="6,12,26" gammagroup="g.list.select.background"/>
	<color id="wasabi.list.text.selected.background.inactive" value="#303645" gammagroup="g.list.select.background"/>

	<!-- :: List: Scrollbar OLD (updated/new plugins use scrollbars.png) :: -->
	<color id="wasabi.scrollbar.background" value="18,24,38" gammagroup="n.sui.background"/>

	<!-- :: List: Text Color (Now Playing in Playlist Editor) :: -->
	<color id="wasabi.list.text.current" value="#91aae5" gammagroup="g.list.current.text"/>


<!--
cPro2 :: SKIN Text fonts - Only use if you're not using system default (Arial)
-->
	<!--
	HELP:
	
	These fonts wont be used in this skin 
	You must only use these fonts when you need a custom font.
	If you want a system font you can change the font="" param in the ClassicPro.xml file.
	For example if you want the main player title in the infoseek area to use calibri:
		<Style id="normal.info.title.text"
				font="calibri"
		/>	
		PS: See ClassicPro.xml for more help/examples
	
	Remember if you want to use custom fonts cut&paste them outside this area ;)
	
		
	-->


<!--
cPro2 :: CORE Text fonts - See above for help
-->

	<truetypefont id="cpro2.font.infoseek.title" file="fonts\gothic_regular.ttf" allowmapping="1"/>
	<truetypefont id="cpro2.font.infoseek.numbig" file="fonts\agency_regular.ttf" allowmapping="1"/>
	<truetypefont id="cpro2.font.infoseek.numsmall" file="fonts\agency_regular.ttf" allowmapping="1"/>
  <truetypefont id="cpro2.font.shade.songname" file="fonts\gothic_regular.ttf" allowmapping="1"/>
	<truetypefont id="cpro2.font.shade.numbig" file="fonts\agency_regular.ttf" allowmapping="1"/>
	<truetypefont id="cpro2.font.shade.numsmall" file="fonts\agency_regular.ttf" allowmapping="1"/>
	<truetypefont id="cpro2.font.shade.news" file="fonts\gothic_regular.ttf" allowmapping="1"/>
	<bitmap id="bitmapfont.player.songticker" file="fonts\font_songtitle.png" x="0" y="0" w="310" h="42" gammagroup="n.infoseek.text2"/>
	<bitmapfont id="cpro2.font.infoseek.artist" file="bitmapfont.player.songticker" charwidth="10" charheight="14" hspacing="0" vspacing="0" allowmapping="1"/>


<!--
cPro2 :: SKIN Extra bitmaps - Add any bitmaps that your skin use here.
-->
	<bitmap id="beat.1.left" file="beat_left2.png" gammagroup="n.beatvis"/>
	<bitmap id="beat.1.right" file="beat_right2.png" gammagroup="n.beatvis"/>
	<bitmap id="beat.2.left" file="beat_left3.png" gammagroup="n.beatvis"/>
	<bitmap id="beat.2.right" file="beat_right3.png" gammagroup="n.beatvis"/>
	<bitmap id="beat.3.left" file="beat_left4.png" gammagroup="n.beatvis"/>
	<bitmap id="beat.3.right" file="beat_right4.png" gammagroup="n.beatvis"/>
	<bitmap id="beat.4.left" file="beat_left6.png" gammagroup="n.beatvis"/>
	<bitmap id="beat.4.right" file="beat_right6.png" gammagroup="n.beatvis"/>

</elements>