<elements>
	<bitmap id="wasabi.scrollbar.vertical.grip" file="" x="0" y="0" h="3" w="6" gammagroup=""/>
	
	<!-- sui_scrollbars (on List, Tree, etc...) 
	<bitmap id="wasabi.scrollbar.vertical.left" file="sui_scrollbars.png" x="14" y="14" h="14" w="13" gammagroup="n.sui.scrollbar"/>
	<bitmap id="wasabi.scrollbar.vertical.left.hover" file="sui_scrollbars.png" x="28" y="14" h="14" w="13" gammagroup="n.sui.scrollbar"/>
	<bitmap id="wasabi.scrollbar.vertical.left.pressed" file="sui_scrollbars.png" x="42" y="14" h="14" w="13" gammagroup="n.sui.scrollbar"/>
	<bitmap id="wasabi.scrollbar.vertical.right" file="sui_scrollbars.png" x="14" y="29" h="14" w="13" gammagroup="n.sui.scrollbar"/>
	<bitmap id="wasabi.scrollbar.vertical.right.hover" file="sui_scrollbars.png" x="28" y="29" h="14" w="13" gammagroup="n.sui.scrollbar"/>
	<bitmap id="wasabi.scrollbar.vertical.right.pressed" file="sui_scrollbars.png" x="42" y="29" h="14" w="13" gammagroup="n.sui.scrollbar"/>
	<bitmap id="wasabi.scrollbar.vertical.button" file="sui_scrollbars.png" x="14" y="44" h="31" w="13" gammagroup="n.sui.scrollbar"/>
	<bitmap id="wasabi.scrollbar.vertical.button.hover" file="sui_scrollbars.png" x="28" y="44" h="31" w="13" gammagroup="n.sui.scrollbar"/>
	<bitmap id="wasabi.scrollbar.vertical.button.pressed" file="sui_scrollbars.png" x="42" y="44" h="31" w="13" gammagroup="n.sui.scrollbar"/>
	<bitmap id="wasabi.scrollbar.vertical.background.middle" file="sui_scrollbars.png" x="0" y="14" w="3" h="30" gammagroup="n.sui.scrollbar"/>-->
	</elements>