<?xml version="1.0" encoding="UTF-8" standalone="yes"?>

<WinampAbstractionLayer version="1.34">
	<skininfo>
		<version>1.02</version>
		<name>cPro2 - Dark Aluminum</name>
		<author>Victor Brocaz</author>
		<comment>Dark Aluminum</comment>
		<email>victorbrocaz@gmail.com</email>
		<screenshot>screenshot.png</screenshot>
		<homepage>http://www.skinconsortium.com/</homepage>
	</skininfo>

	<!--
	This script is used to warn users if they don't have ClassicPro installed.
	Please change the last number in the param="xxx;123" to the version you used to create your skin.
	If the user have a lower version than yours, the skin will show but a warning will ask them to update!
		For example:
		- ClassicPro v1.15 = param="@COLORTHEMESPATH@;115"
		- ClassicPro v2.00 = param="@COLORTHEMESPATH@;200"
	-->
	<scripts> <script file="warning.maki" param="@COLORTHEMESPATH@;201"/> </scripts>


	<include file="overwrites.xml"/>
	<include file="colors.xml"/>
	<include file="colorthemes.xml"/>	<!-- Optional + Remember to include "_not used/colorthemes.png" in your skin too -->


	<!-- This is where the ClassicPro plugin is loaded. (cPro::Two) PS: See note below about shadows -->
	<include file="@COLORTHEMESPATH@/../../plugins/classicPro/engine/load-two_alpha.xml"/>
	<!--
	If you want to add a shadow to your skin then you have to change the xml file that loaded
		from	"load-two.xml"
		to		"load-two_alpha.xml"
	as follows:
	<include file="@COLORTHEMESPATH@/../../plugins/classicPro/engine/load-two_alpha.xml"/>
	
	You will find the shadow graphics in the "_not used/" folder.
	-->

</WinampAbstractionLayer>